Day,"Ad Set ID","Ad Set Budget","Ad Set Budget Type","Amount Spent (USD)",Impressions,Reach,"Clicks (All)","Result Type",Results,"Cost per Result","Reporting Starts","Reporting Ends"
2018-12-31,6096292022433,5,Daily,30.58,654,450,5,Lead,1,30.58,2018-12-31,2018-12-31
2018-12-30,6103942805833,30,Daily,72.8,1279,715,3,Lead,,,2018-12-30,2018-12-30
2018-12-30,6096292022433,5,Daily,5.51,164,148,0,Lead,,,2018-12-30,2018-12-30
2018-12-29,6103942805833,30,Daily,30.87,436,158,2,Lead,,,2018-12-29,2018-12-29
2018-12-28,6103942805833,30,Daily,57.72,889,280,3,Lead,1,57.72,2018-12-28,2018-12-28
2018-12-27,6103835262233,7,Daily,1.58,237,155,0,Lead,,,2018-12-27,2018-12-27
2018-12-27,6103942805833,30,Daily,23.17,422,192,1,Lead,,,2018-12-27,2018-12-27
2018-12-26,6103835262233,7,Daily,6.33,986,384,2,Lead,,,2018-12-26,2018-12-26
2018-12-26,6103942805833,30,Daily,101.02,1594,366,7,Lead,,,2018-12-26,2018-12-26
2018-12-25,6103835262233,7,Daily,6.08,939,468,8,Lead,1,6.08,2018-12-25,2018-12-25
2018-12-25,6103942805833,30,Daily,126.66,2690,1307,7,Lead,1,126.66,2018-12-25,2018-12-25
2018-12-24,6103942805833,30,Daily,35.61,984,846,3,Lead,,,2018-12-24,2018-12-24
2018-12-24,6103835262233,7,Daily,6.15,960,563,6,Lead,1,6.15,2018-12-24,2018-12-24
2018-12-24,6096292022433,5,Daily,17.7,361,305,2,Lead,,,2018-12-24,2018-12-24
2018-12-23,6096292022433,5,Daily,84.38,1656,940,11,Lead,1,84.38,2018-12-23,2018-12-23
2018-12-23,6103835262233,7,Daily,4.99,893,484,3,Lead,1,4.99,2018-12-23,2018-12-23
2018-12-22,6103835262233,7,Daily,5.85,1202,688,13,Lead,1,5.85,2018-12-22,2018-12-22
2018-12-22,6096292022433,5,Daily,25.65,569,412,5,Lead,,,2018-12-22,2018-12-22
2018-12-21,6096292022433,5,Daily,32.23,710,579,10,Lead,,,2018-12-21,2018-12-21
2018-12-20,6096292022433,5,Daily,28.4,820,646,12,Lead,,,2018-12-20,2018-12-20
2018-12-19,6096292022433,5,Daily,30.18,849,654,4,Lead,,,2018-12-19,2018-12-19
2018-12-18,6096292022433,5,Daily,31.07,728,609,7,Lead,,,2018-12-18,2018-12-18
2018-12-17,6096292022433,5,Daily,7.79,232,210,2,Lead,,,2018-12-17,2018-12-17
2018-12-16,6096292022433,5,Daily,1.65,33,31,0,Lead,,,2018-12-16,2018-12-16
2018-12-15,6096292022433,5,Daily,56.23,1358,1113,14,Lead,1,56.23,2018-12-15,2018-12-15
2018-12-14,6096292022433,5,Daily,44.2,1086,916,6,Lead,1,44.2,2018-12-14,2018-12-14
2018-12-13,6096292022433,5,Daily,4.27,76,63,3,Lead,,,2018-12-13,2018-12-13
2018-12-12,6096292022433,5,Daily,29.94,576,392,9,Lead,1,29.94,2018-12-12,2018-12-12
2018-12-11,6096292022433,5,Daily,43.15,878,613,5,Lead,1,43.15,2018-12-11,2018-12-11
2018-12-10,6096292022433,5,Daily,151.23,4449,3040,32,Lead,,,2018-12-10,2018-12-10
2018-12-09,6096292022433,5,Daily,169.73,4229,2825,32,Lead,3,56.576666666667,2018-12-09,2018-12-09
2018-12-08,6096292022433,5,Daily,164.71,2803,1531,26,Lead,1,164.71,2018-12-08,2018-12-08
2018-12-07,6096292022433,5,Daily,160.23,3845,2582,28,Lead,1,160.23,2018-12-07,2018-12-07
2018-12-06,6096292022433,5,Daily,203.66,5804,3462,37,Lead,4,50.915,2018-12-06,2018-12-06
2018-12-05,6096292022433,5,Daily,55.25,1766,1297,12,Lead,,,2018-12-05,2018-12-05
2018-12-04,6096292022433,5,Daily,98.06,3203,1913,20,Lead,4,24.515,2018-12-04,2018-12-04
2018-12-03,6096154816233,25,Daily,16.32,665,393,0,Lead,,,2018-12-03,2018-12-03
2018-12-03,6096292022433,5,Daily,88.53,3100,1652,24,Lead,2,44.265,2018-12-03,2018-12-03
2018-12-02,6096154816233,25,Daily,67.95,2196,1173,7,Lead,1,67.95,2018-12-02,2018-12-02
2018-12-02,6096292022433,5,Daily,55.56,1750,1093,18,Lead,6,9.26,2018-12-02,2018-12-02
2018-12-01,6096154816233,25,Daily,89.63,7399,5213,26,Lead,,,2018-12-01,2018-12-01
2018-11-30,6099799225433,1,Daily,8.38,893,492,3,"Landing Page Views",2,4.19,2018-11-30,2018-11-30
2018-11-30,6096154816233,25,Daily,77.39,5067,2491,23,Lead,1,77.39,2018-11-30,2018-11-30
2018-11-29,6099799225433,1,Daily,80.54,5822,2668,17,"Landing Page Views",9,8.9488888888889,2018-11-29,2018-11-29
2018-11-28,6099799225433,1,Daily,20.09,1073,726,7,"Landing Page Views",5,4.018,2018-11-28,2018-11-28
2018-11-27,6099799225433,1,Daily,19.74,1127,747,4,"Landing Page Views",3,6.58,2018-11-27,2018-11-27
2018-11-26,6099799225433,1,Daily,19.7,980,535,1,"Landing Page Views",1,19.7,2018-11-26,2018-11-26
2018-11-25,6099799225433,1,Daily,17.4,771,499,3,"Landing Page Views",,,2018-11-25,2018-11-25
2018-11-24,6099799225433,1,Daily,10.72,550,346,0,"Landing Page Views",,,2018-11-24,2018-11-24
2018-11-23,6099799225433,1,Daily,19.47,912,560,1,"Landing Page Views",1,19.47,2018-11-23,2018-11-23
2018-11-22,6099799225433,1,Daily,14.63,641,446,3,"Landing Page Views",2,7.315,2018-11-22,2018-11-22
2018-11-21,6099799225433,1,Daily,13.76,788,475,0,"Landing Page Views",,,2018-11-21,2018-11-21
2018-11-20,6099799225433,1,Daily,20.42,1182,679,2,"Landing Page Views",1,20.42,2018-11-20,2018-11-20
2018-11-19,6099799225433,1,Daily,20.13,1076,670,3,"Landing Page Views",3,6.71,2018-11-19,2018-11-19
2018-11-18,6099799225433,1,Daily,20.05,991,787,5,"Landing Page Views",3,6.6833333333333,2018-11-18,2018-11-18
2018-11-17,6099799225433,1,Daily,19.58,993,813,8,"Landing Page Views",3,6.5266666666667,2018-11-17,2018-11-17
2018-11-16,6099799225433,1,Daily,19.88,1209,912,4,"Landing Page Views",3,6.6266666666667,2018-11-16,2018-11-16
2018-11-15,6099799225433,1,Daily,20.14,1715,1053,6,"Landing Page Views",3,6.7133333333333,2018-11-15,2018-11-15
2018-11-14,6099799225433,1,Daily,20.07,1922,1148,4,"Landing Page Views",4,5.0175,2018-11-14,2018-11-14
2018-11-13,6099799225433,1,Daily,20.19,1520,1051,2,"Landing Page Views",1,20.19,2018-11-13,2018-11-13
2018-11-12,6099799225433,1,Daily,20.05,1660,1118,6,"Landing Page Views",4,5.0125,2018-11-12,2018-11-12
2018-11-11,6099799225433,1,Daily,20.09,1608,1094,9,"Landing Page Views",6,3.3483333333333,2018-11-11,2018-11-11
2018-11-10,6099799225433,1,Daily,18.99,1257,919,13,"Landing Page Views",11,1.7263636363636,2018-11-10,2018-11-10
2018-11-09,6099799225433,1,Daily,19.61,2076,1070,7,"Landing Page Views",3,6.5366666666667,2018-11-09,2018-11-09
2018-11-08,6099799225433,1,Daily,19.26,1701,1046,4,"Landing Page Views",3,6.42,2018-11-08,2018-11-08
2018-11-07,6099799225433,1,Daily,16.12,1507,938,5,"Landing Page Views",4,4.03,2018-11-07,2018-11-07
2018-11-07,6096154816233,25,Daily,1.43,160,116,0,Lead,,,2018-11-07,2018-11-07
2018-11-07,6096292022433,5,Daily,1.42,125,101,0,Lead,,,2018-11-07,2018-11-07
2018-11-06,6096154816233,25,Daily,5.02,720,358,1,Lead,,,2018-11-06,2018-11-06
2018-11-06,6096292022433,5,Daily,4.91,858,359,1,Lead,,,2018-11-06,2018-11-06
2018-11-06,6099799225433,1,Daily,10.01,912,574,1,"Landing Page Views",,,2018-11-06,2018-11-06
2018-11-05,6096292022433,5,Daily,5.11,779,357,0,Lead,,,2018-11-05,2018-11-05
2018-11-05,6099799225433,1,Daily,10.08,787,580,5,"Landing Page Views",3,3.36,2018-11-05,2018-11-05
2018-11-05,6096154816233,25,Daily,5.18,1081,387,1,Lead,,,2018-11-05,2018-11-05
2018-11-04,6096154816233,25,Daily,4.98,993,399,0,Lead,,,2018-11-04,2018-11-04
2018-11-04,6096292022433,5,Daily,5.09,668,337,2,Lead,1,5.09,2018-11-04,2018-11-04
2018-11-04,6099799225433,1,Daily,10.26,694,514,8,"Landing Page Views",6,1.71,2018-11-04,2018-11-04
2018-11-03,6096154816233,25,Daily,4.33,490,310,3,Lead,1,4.33,2018-11-03,2018-11-03
2018-11-03,6096292022433,5,Daily,4.61,560,352,2,Lead,,,2018-11-03,2018-11-03
2018-11-03,6099799225433,1,Daily,9.11,599,477,3,"Landing Page Views",1,9.11,2018-11-03,2018-11-03
2018-11-02,6096292022433,5,Daily,6,742,406,6,Lead,2,3,2018-11-02,2018-11-02
2018-11-02,6099799225433,1,Daily,7.42,1060,856,6,"Landing Page Views",2,3.71,2018-11-02,2018-11-02
2018-11-02,6096154816233,25,Daily,6.04,748,365,5,Lead,,,2018-11-02,2018-11-02
2018-11-01,6096154816233,25,Daily,9.99,1205,539,5,Lead,1,9.99,2018-11-01,2018-11-01
2018-11-01,6096292022433,5,Daily,9.82,953,521,1,Lead,,,2018-11-01,2018-11-01
2018-10-31,6096292022433,5,Daily,10.68,1036,482,5,Lead,,,2018-10-31,2018-10-31
2018-10-31,6096154816233,25,Daily,9.89,1385,481,5,Lead,,,2018-10-31,2018-10-31
2018-10-30,6096154816233,25,Daily,10.13,1136,505,0,Lead,,,2018-10-30,2018-10-30
2018-10-30,6096292022433,5,Daily,10.05,818,469,2,Lead,,,2018-10-30,2018-10-30
2018-10-29,6096292022433,5,Daily,9.99,953,484,6,Lead,,,2018-10-29,2018-10-29
2018-10-29,6096154816233,25,Daily,9.99,1079,477,3,Lead,,,2018-10-29,2018-10-29
2018-10-28,6096154816233,25,Daily,10.38,844,509,3,Lead,,,2018-10-28,2018-10-28
2018-10-28,6096292022433,5,Daily,10.44,907,473,10,Lead,,,2018-10-28,2018-10-28
2018-10-27,6096292022433,5,Daily,9.89,926,495,10,Lead,,,2018-10-27,2018-10-27
2018-10-27,6096154816233,25,Daily,9.5,741,450,2,Lead,,,2018-10-27,2018-10-27
2018-10-26,6096154816233,25,Daily,9.75,801,429,3,Lead,,,2018-10-26,2018-10-26
2018-10-26,6096292022433,5,Daily,9.87,685,473,6,Lead,,,2018-10-26,2018-10-26
2018-10-25,6096154816233,25,Daily,9.84,698,364,2,Lead,,,2018-10-25,2018-10-25
2018-10-25,6096292022433,5,Daily,10.26,276,252,8,Lead,,,2018-10-25,2018-10-25
2018-10-24,6096154816233,25,Daily,10.03,488,272,1,Lead,,,2018-10-24,2018-10-24
2018-10-24,6096292022433,5,Daily,10.13,434,375,4,Lead,,,2018-10-24,2018-10-24
2018-10-23,6096154816233,25,Daily,10.6,321,270,5,Lead,,,2018-10-23,2018-10-23
2018-10-23,6096292022433,5,Daily,9.66,312,249,2,Lead,,,2018-10-23,2018-10-23
2018-10-22,6096154816233,25,Daily,10.02,297,225,1,Lead,,,2018-10-22,2018-10-22
2018-10-22,6096292022433,5,Daily,10.27,323,228,0,Lead,,,2018-10-22,2018-10-22
2018-10-21,6096154816233,25,Daily,10.26,338,286,0,Lead,,,2018-10-21,2018-10-21
2018-10-21,6096292022433,5,Daily,9.92,305,248,2,Lead,,,2018-10-21,2018-10-21
2018-10-20,6096292022433,5,Daily,10.16,318,274,8,Lead,,,2018-10-20,2018-10-20
2018-10-20,6096154816233,25,Daily,10.03,359,326,1,Lead,,,2018-10-20,2018-10-20
2018-10-19,6096292022433,5,Daily,9.42,331,292,2,Lead,,,2018-10-19,2018-10-19
2018-10-19,6096154816233,25,Daily,9.39,318,290,1,Lead,,,2018-10-19,2018-10-19
2018-10-18,6096154816233,25,Daily,10.06,350,294,2,Lead,,,2018-10-18,2018-10-18
2018-10-18,6096292022433,5,Daily,10.06,387,336,4,Lead,,,2018-10-18,2018-10-18
2018-10-17,6096292022433,5,Daily,10.48,415,364,5,Lead,1,10.48,2018-10-17,2018-10-17
2018-10-17,6096154816233,25,Daily,9.99,396,346,0,Lead,,,2018-10-17,2018-10-17
2018-10-16,6096292022433,5,Daily,9.87,319,259,2,Lead,,,2018-10-16,2018-10-16
2018-10-16,6096154816233,25,Daily,10.46,372,295,0,Lead,,,2018-10-16,2018-10-16
2018-10-15,6096154816233,25,Daily,9.9,320,271,2,Lead,,,2018-10-15,2018-10-15
2018-10-15,6096292022433,5,Daily,9.79,363,291,2,Lead,,,2018-10-15,2018-10-15
2018-10-14,6096154816233,25,Daily,10.17,439,369,0,Lead,,,2018-10-14,2018-10-14
2018-10-14,6096292022433,5,Daily,10.22,524,430,2,Lead,,,2018-10-14,2018-10-14
2018-10-13,6096154816233,25,Daily,9.62,459,389,2,Lead,1,9.62,2018-10-13,2018-10-13
2018-10-13,6096292022433,5,Daily,9.63,490,399,2,Lead,,,2018-10-13,2018-10-13
2018-10-12,6096292022433,5,Daily,9.51,446,376,2,Lead,,,2018-10-12,2018-10-12
2018-10-12,6096154816233,25,Daily,9.77,499,401,1,Lead,,,2018-10-12,2018-10-12
2018-10-11,6096154816233,25,Daily,9.75,575,475,4,Lead,,,2018-10-11,2018-10-11
2018-10-11,6096292022433,5,Daily,10.35,492,396,6,Lead,,,2018-10-11,2018-10-11
2018-10-10,6096154816233,25,Daily,10.41,684,515,2,Lead,1,10.41,2018-10-10,2018-10-10
2018-10-10,6096292022433,5,Daily,9.93,671,499,3,Lead,,,2018-10-10,2018-10-10
2018-10-09,6096292022433,5,Daily,10.11,809,600,2,Lead,,,2018-10-09,2018-10-09
2018-10-09,6096154816233,25,Daily,10.1,700,519,2,Lead,,,2018-10-09,2018-10-09
2018-10-08,6096292022433,5,Daily,9.91,741,564,4,Lead,1,9.91,2018-10-08,2018-10-08
2018-10-08,6096154816233,25,Daily,10.01,811,614,2,Lead,,,2018-10-08,2018-10-08
2018-10-07,6096154816233,25,Daily,10.34,828,563,5,Lead,1,10.34,2018-10-07,2018-10-07
2018-10-07,6096292022433,5,Daily,10.56,641,473,2,Lead,,,2018-10-07,2018-10-07
2018-10-06,6096154816233,25,Daily,9.63,815,566,5,Lead,,,2018-10-06,2018-10-06
2018-10-06,6096292022433,5,Daily,9.99,799,566,6,Lead,,,2018-10-06,2018-10-06
2018-10-05,6096292022433,5,Daily,9.91,726,503,12,Lead,,,2018-10-05,2018-10-05
2018-10-05,6096154816233,25,Daily,9.79,925,631,9,Lead,,,2018-10-05,2018-10-05
2018-10-04,6096154816233,25,Daily,9.56,2715,1898,15,Lead,1,9.56,2018-10-04,2018-10-04
2018-10-04,6096292022433,5,Daily,9.93,2371,1720,19,Lead,,,2018-10-04,2018-10-04
2018-10-03,6096154816233,25,Daily,10.13,3699,2411,22,Lead,1,10.13,2018-10-03,2018-10-03
2018-10-03,6096292022433,5,Daily,10.31,2869,1932,15,Lead,,,2018-10-03,2018-10-03
2018-10-02,6096292022433,5,Daily,9.8,2542,1828,13,Lead,,,2018-10-02,2018-10-02
2018-10-02,6096154816233,25,Daily,9.78,4267,2438,28,Lead,,,2018-10-02,2018-10-02
2018-10-01,6096154816233,25,Daily,10.07,3547,2232,9,Lead,,,2018-10-01,2018-10-01
2018-10-01,6096292022433,5,Daily,10.1,3406,2186,11,Lead,,,2018-10-01,2018-10-01
2018-09-30,6096154816233,25,Daily,10.08,2986,2121,20,Lead,,,2018-09-30,2018-09-30
2018-09-30,6096292022433,5,Daily,10.13,3239,2241,22,Lead,1,10.13,2018-09-30,2018-09-30
2018-09-29,6096154816233,25,Daily,10.42,3252,2201,16,Lead,1,10.42,2018-09-29,2018-09-29
2018-09-29,6096292022433,5,Daily,10.38,3345,2123,24,Lead,,,2018-09-29,2018-09-29
2018-09-28,6096154816233,25,Daily,9.82,3413,2213,27,Lead,,,2018-09-28,2018-09-28
2018-09-28,6096292022433,5,Daily,9.86,3770,2322,16,Lead,,,2018-09-28,2018-09-28
2018-09-27,6096154816233,25,Daily,26.82,5746,3339,24,Lead,,,2018-09-27,2018-09-27
2018-09-27,6096292022433,5,Daily,27,6314,3320,29,Lead,,,2018-09-27,2018-09-27
2018-09-26,6096292022433,5,Daily,24.99,6153,3656,38,Lead,,,2018-09-26,2018-09-26
2018-09-26,6096154816233,25,Daily,24.99,5615,3630,22,Lead,,,2018-09-26,2018-09-26
2018-09-25,6096292022433,5,Daily,14.78,4575,3372,18,Lead,,,2018-09-25,2018-09-25
2018-09-25,6096154816233,25,Daily,12.91,4200,3149,24,Lead,,,2018-09-25,2018-09-25
2018-09-24,6096292022433,5,Daily,16.42,4485,2946,30,Lead,,,2018-09-24,2018-09-24
2018-09-24,6096154816233,25,Daily,15.86,4201,2903,30,Lead,,,2018-09-24,2018-09-24
2018-09-23,6096154816233,25,Daily,10.4,3190,1931,18,Lead,,,2018-09-23,2018-09-23
2018-09-23,6096292022433,5,Daily,10.1,3322,2169,18,Lead,,,2018-09-23,2018-09-23
2018-09-22,6096154816233,25,Daily,21.59,4562,3415,33,Lead,,,2018-09-22,2018-09-22
2018-09-22,6096292022433,5,Daily,21.51,4652,3388,33,Lead,,,2018-09-22,2018-09-22
2018-09-21,6096154816233,25,Daily,29.43,4184,3283,14,Lead,,,2018-09-21,2018-09-21
2018-09-21,6096292022433,5,Daily,29.47,4327,3179,30,Lead,,,2018-09-21,2018-09-21
2018-09-20,6096154816233,25,Daily,3.22,123,102,0,Lead,,,2018-09-20,2018-09-20
2018-09-20,6096292022433,5,Daily,2.61,114,85,0,Lead,,,2018-09-20,2018-09-20
2018-09-19,6096154816233,25,Daily,11.34,419,247,2,Lead,,,2018-09-19,2018-09-19
2018-09-18,6096154816233,25,Daily,8.99,448,290,0,Lead,,,2018-09-18,2018-09-18
2018-09-16,6094816636833,50,Daily,0.45,42,33,0,"Website Leads",,,2018-09-16,2018-09-16
2018-09-15,6094816636833,50,Daily,4.39,256,189,0,"Website Leads",,,2018-09-15,2018-09-15
2018-09-14,6094816636833,50,Daily,9.81,619,368,1,"Website Leads",,,2018-09-14,2018-09-14
2018-09-13,6094816636833,50,Daily,11.37,746,479,4,"Website Leads",,,2018-09-13,2018-09-13
2018-09-12,6094816636833,50,Daily,20.7,1062,660,4,"Website Leads",,,2018-09-12,2018-09-12
2018-09-11,6094816636833,50,Daily,20.68,1177,693,7,"Website Leads",,,2018-09-11,2018-09-11
2018-09-10,6094816636833,50,Daily,19.13,1360,759,7,"Website Leads",,,2018-09-10,2018-09-10
2018-09-09,6094816636833,50,Daily,19.95,963,621,5,"Website Leads",,,2018-09-09,2018-09-09
2018-09-08,6094816636833,50,Daily,20.8,993,577,8,"Website Leads",,,2018-09-08,2018-09-08
2018-09-07,6094816636833,50,Daily,20.45,1643,1332,12,"Website Leads",,,2018-09-07,2018-09-07
2018-09-06,6094816636833,50,Daily,18.96,5040,2933,42,"Website Leads",,,2018-09-06,2018-09-06
2018-09-05,6094992504233,1,Daily,6.96,1782,1265,17,"Website Leads",,,2018-09-05,2018-09-05
2018-09-05,6095013075433,1,Daily,6.31,407,263,0,"Website Leads",,,2018-09-05,2018-09-05
2018-09-05,6094816636833,50,Daily,14.48,4373,2646,27,"Website Leads",,,2018-09-05,2018-09-05
2018-09-04,6094992504233,1,Daily,7.84,2640,2236,18,"Website Leads",2,3.92,2018-09-04,2018-09-04
2018-09-04,6095013075433,1,Daily,8.4,626,428,2,"Website Leads",,,2018-09-04,2018-09-04
2018-09-04,6094816636833,50,Daily,9.95,3796,2932,22,"Website Leads",1,9.95,2018-09-04,2018-09-04
2018-09-03,6094816636833,50,Daily,10.76,2742,1531,18,"Website Leads",,,2018-09-03,2018-09-03
2018-09-03,6095013075433,1,Daily,13.61,865,586,7,"Website Leads",,,2018-09-03,2018-09-03
2018-09-03,6094992504233,1,Daily,8.15,3378,2839,34,"Website Leads",2,4.075,2018-09-03,2018-09-03
2018-09-02,6094816636833,50,Daily,20.11,5702,4207,39,"Website Leads",1,20.11,2018-09-02,2018-09-02
2018-09-01,6094816636833,50,Daily,21.72,6350,3553,54,"Website Leads",1,21.72,2018-09-01,2018-09-01
2018-08-31,6094816636833,50,Daily,21.96,4977,3518,32,"Website Leads",1,21.96,2018-08-31,2018-08-31
2018-08-31,6094570133833,1,Daily,3.88,308,254,0,"Website Leads",,,2018-08-31,2018-08-31
2018-08-31,6094079321233,50,Daily,2.59,159,134,1,"Website Leads",,,2018-08-31,2018-08-31
2018-08-30,6094079321233,50,Daily,23.91,1457,968,20,"Website Leads",,,2018-08-30,2018-08-30
2018-08-30,6094570133833,1,Daily,23.75,1854,1231,11,"Website Leads",,,2018-08-30,2018-08-30
2018-08-29,6094079321233,50,Daily,25.85,2349,1467,28,"Website Leads",,,2018-08-29,2018-08-29
2018-08-29,6094570133833,1,Daily,25.87,2946,1723,13,"Website Leads",,,2018-08-29,2018-08-29
2018-08-28,6094079321233,50,Daily,93.4,7473,4088,94,"Website Leads",,,2018-08-28,2018-08-28
2018-08-28,6094570133833,1,Daily,54.23,6872,3498,46,"Website Leads",,,2018-08-28,2018-08-28
2018-08-27,6094158300433,1,Daily,20.44,1432,1342,3,"Website Content Views",1,20.44,2018-08-27,2018-08-27
2018-08-27,6094079321233,50,Daily,206.97,9335,6786,80,"Website Leads",,,2018-08-27,2018-08-27
2018-08-26,6094158300433,1,Daily,8.2,163,61,2,"Website Content Views",,,2018-08-26,2018-08-26
2018-08-26,6094079321233,50,Daily,84.96,3856,2549,76,"Website Leads",,,2018-08-26,2018-08-26
2018-08-25,6094079321233,50,Daily,120.57,3938,3170,100,"Website Leads",,,2018-08-25,2018-08-25
2018-08-25,6094158300433,1,Daily,6.01,132,63,3,"Website Content Views",1,6.01,2018-08-25,2018-08-25
2018-08-24,6094079321233,50,Daily,118.79,5042,3875,81,"Website Leads",,,2018-08-24,2018-08-24
2018-08-24,6094158300433,1,Daily,10.82,409,233,3,"Website Content Views",,,2018-08-24,2018-08-24
2018-08-23,6094158300433,1,Daily,19,689,455,3,"Website Content Views",,,2018-08-23,2018-08-23
2018-08-23,6094079321233,50,Daily,125.01,5073,4112,55,"Website Leads",,,2018-08-23,2018-08-23
2018-08-22,6094079321233,50,Daily,55.66,2666,1952,21,"Website Leads",,,2018-08-22,2018-08-22
2018-08-22,6093312876033,1,Daily,1.41,41,38,2,Opening,,,2018-08-22,2018-08-22
2018-08-22,6094158300433,1,Daily,59.74,16264,8894,99,"Website Content Views",56,1.0667857142857,2018-08-22,2018-08-22
2018-08-21,6093312876033,1,Daily,50.24,1606,1228,20,Opening,,,2018-08-21,2018-08-21
2018-08-21,6094079321233,50,Daily,51.7,2009,1570,28,"Website Leads",,,2018-08-21,2018-08-21
2018-08-20,6093312876033,1,Daily,12.21,614,439,9,Opening,,,2018-08-20,2018-08-20
2018-08-18,6093312876033,1,Daily,26.16,2002,1351,12,Opening,,,2018-08-18,2018-08-18
2018-08-17,6093312876033,1,Daily,83.2,7585,5048,53,Opening,,,2018-08-17,2018-08-17
2018-08-16,6093312876033,1,Daily,109.29,4878,3131,24,Opening,,,2018-08-16,2018-08-16
2018-08-15,6093312876033,1,Daily,102.52,3583,2038,18,Opening,,,2018-08-15,2018-08-15
2018-08-14,6093312876033,1,Daily,27.78,1128,880,10,Opening,,,2018-08-14,2018-08-14
2018-08-10,6093312876033,1,Daily,6.73,581,423,7,Opening,,,2018-08-10,2018-08-10
2018-08-10,6093084427833,1,Daily,11.76,426,351,0,Opening,,,2018-08-10,2018-08-10
2018-08-10,6093094604233,1,Daily,5.73,338,254,1,Opening,,,2018-08-10,2018-08-10
2018-08-09,6093084427833,1,Daily,93.9,3974,2546,12,Opening,,,2018-08-09,2018-08-09
2018-08-09,6093094604233,1,Daily,69.28,3497,2227,9,Opening,,,2018-08-09,2018-08-09
2018-08-08,6093094604233,1,Daily,46.02,2244,1550,10,Opening,,,2018-08-08,2018-08-08
2018-08-08,6093084427833,1,Daily,23.37,793,666,5,Opening,,,2018-08-08,2018-08-08
2018-08-07,6093084427833,1,Daily,22.51,796,696,4,Opening,,,2018-08-07,2018-08-07
2018-08-07,6093094604233,1,Daily,22.02,936,817,4,Opening,,,2018-08-07,2018-08-07
2018-04-17,6080125526433,1,Daily,0.16,8,8,0,"Estimated Ad Recall Lift (People)",1,0.16,2018-04-17,2018-04-17
2018-04-17,6081769368433,1,Daily,9.97,592,241,1,"Website Content Views",,,2018-04-17,2018-04-17
2018-04-16,6080125526433,1,Daily,0.13,7,7,0,"Estimated Ad Recall Lift (People)",1,0.13,2018-04-16,2018-04-16
2018-04-16,6081769368433,1,Daily,10.4,654,242,1,"Website Content Views",1,10.4,2018-04-16,2018-04-16
2018-04-15,6080125526433,1,Daily,0.06,4,4,0,"Estimated Ad Recall Lift (People)",1,0.06,2018-04-15,2018-04-15
2018-04-15,6081769368433,1,Daily,10.25,487,215,2,"Website Content Views",1,10.25,2018-04-15,2018-04-15
2018-04-14,6081769368433,1,Daily,9.69,436,214,1,"Website Content Views",,,2018-04-14,2018-04-14
2018-04-14,6080125526433,1,Daily,0.04,2,2,0,"Estimated Ad Recall Lift (People)",1,0.04,2018-04-14,2018-04-14
2018-04-13,6081769368433,1,Daily,9.74,491,218,1,"Website Content Views",1,9.74,2018-04-13,2018-04-13
2018-04-13,6080125526433,1,Daily,0.08,4,4,0,"Estimated Ad Recall Lift (People)",1,0.08,2018-04-13,2018-04-13
2018-04-12,6081769368433,1,Daily,9.61,345,165,1,"Website Content Views",,,2018-04-12,2018-04-12
2018-04-12,6080125526433,1,Daily,0.07,4,4,0,"Estimated Ad Recall Lift (People)",1,0.07,2018-04-12,2018-04-12
2018-04-11,6080125526433,1,Daily,0.33,16,15,0,"Estimated Ad Recall Lift (People)",1,0.33,2018-04-11,2018-04-11
2018-04-11,6081769368433,1,Daily,8.12,394,207,1,"Website Content Views",1,8.12,2018-04-11,2018-04-11
2018-04-10,6081769368433,1,Daily,5.03,414,208,2,"Website Content Views",4,1.2575,2018-04-10,2018-04-10
2018-04-10,6080125526433,1,Daily,0.64,33,29,0,"Estimated Ad Recall Lift (People)",1,0.64,2018-04-10,2018-04-10
2018-04-09,6080125526433,1,Daily,0.46,29,24,0,"Estimated Ad Recall Lift (People)",1,0.46,2018-04-09,2018-04-09
2018-04-09,6081769368433,1,Daily,5.98,559,248,2,"Website Content Views",1,5.98,2018-04-09,2018-04-09
2018-04-08,6081769368433,1,Daily,10.15,1239,434,0,"Website Content Views",,,2018-04-08,2018-04-08
2018-04-08,6080125526433,1,Daily,0.06,4,4,0,"Estimated Ad Recall Lift (People)",1,0.06,2018-04-08,2018-04-08
2018-04-07,6080125526433,1,Daily,0.47,29,26,0,"Estimated Ad Recall Lift (People)",1,0.47,2018-04-07,2018-04-07
2018-04-07,6081769368433,1,Daily,9.42,1621,697,1,"Website Content Views",1,9.42,2018-04-07,2018-04-07
2018-04-06,6080125526433,1,Daily,0.87,45,44,0,"Estimated Ad Recall Lift (People)",10,0.087,2018-04-06,2018-04-06
2018-04-06,6081769368433,1,Daily,7.24,1401,612,5,"Website Content Views",2,3.62,2018-04-06,2018-04-06
2018-04-05,6080125526433,1,Daily,1.1,49,43,1,"Estimated Ad Recall Lift (People)",10,0.11,2018-04-05,2018-04-05
2018-04-05,6081769368433,1,Daily,4.83,1682,400,2,"Website Content Views",,,2018-04-05,2018-04-05
2018-04-04,6080125526433,1,Daily,0.91,41,33,0,"Estimated Ad Recall Lift (People)",1,0.91,2018-04-04,2018-04-04
2018-04-04,6081769368433,1,Daily,5.34,1682,427,0,"Website Content Views",,,2018-04-04,2018-04-04
2018-04-03,6080125526433,1,Daily,1.01,46,39,0,"Estimated Ad Recall Lift (People)",1,1.01,2018-04-03,2018-04-03
2018-04-03,6081769368433,1,Daily,9.82,2633,619,5,"Website Content Views",5,1.964,2018-04-03,2018-04-03
2018-04-02,6080125526433,1,Daily,0.87,54,49,2,"Estimated Ad Recall Lift (People)",10,0.087,2018-04-02,2018-04-02
2018-04-02,6081769368433,1,Daily,11.35,2220,673,6,"Website Content Views",3,3.7833333333333,2018-04-02,2018-04-02
2018-04-01,6080125526433,1,Daily,0.93,51,44,0,"Estimated Ad Recall Lift (People)",1,0.93,2018-04-01,2018-04-01
2018-04-01,6081769368433,1,Daily,11.78,1598,619,12,"Website Content Views",10,1.178,2018-04-01,2018-04-01
2018-03-31,6080125526433,1,Daily,1.11,58,51,0,"Estimated Ad Recall Lift (People)",10,0.111,2018-03-31,2018-03-31
2018-03-31,6081769368433,1,Daily,9.19,918,400,11,"Website Content Views",8,1.14875,2018-03-31,2018-03-31
2018-03-30,6080125526433,1,Daily,0.81,45,42,0,"Estimated Ad Recall Lift (People)",1,0.81,2018-03-30,2018-03-30
2018-03-30,6081769368433,1,Daily,12.06,927,471,9,"Website Content Views",5,2.412,2018-03-30,2018-03-30
2018-03-29,6081769368433,1,Daily,19.71,1258,645,9,"Website Content Views",4,4.9275,2018-03-29,2018-03-29
2018-03-29,6080125526433,1,Daily,0.62,33,27,0,"Estimated Ad Recall Lift (People)",1,0.62,2018-03-29,2018-03-29
2018-03-28,6081769368433,1,Daily,34.58,3005,1710,13,"Website Content Views",9,3.8422222222222,2018-03-28,2018-03-28
2018-03-28,6080125526433,1,Daily,0.54,29,25,0,"Estimated Ad Recall Lift (People)",1,0.54,2018-03-28,2018-03-28
2018-03-27,6081769368433,1,Daily,55.17,5628,2844,15,"Website Content Views",11,5.0154545454545,2018-03-27,2018-03-27
2018-03-27,6080125526433,1,Daily,3.05,127,106,1,"Estimated Ad Recall Lift (People)",20,0.1525,2018-03-27,2018-03-27
2018-03-26,6081769368433,1,Daily,11.77,546,269,6,"Website Content Views",4,2.9425,2018-03-26,2018-03-26
2018-03-26,6080125526433,1,Daily,0.35,14,14,0,"Estimated Ad Recall Lift (People)",1,0.35,2018-03-26,2018-03-26
2018-03-15,6081769368433,1,Daily,106.96,3934,1410,18,"Website Content Views",11,9.7236363636364,2018-03-15,2018-03-15
2018-03-15,6080125526433,1,Daily,2.26,75,70,0,"Estimated Ad Recall Lift (People)",10,0.226,2018-03-15,2018-03-15
2018-03-14,6081769368433,1,Daily,133.66,4445,1508,31,"Website Content Views",23,5.8113043478261,2018-03-14,2018-03-14
2018-03-14,6080125526433,1,Daily,1.92,65,58,0,"Estimated Ad Recall Lift (People)",10,0.192,2018-03-14,2018-03-14
2018-03-13,6081769368433,1,Daily,34.35,1487,784,19,"Website Content Views",18,1.9083333333333,2018-03-13,2018-03-13
2018-03-13,6081556666233,1,Daily,67.04,9289,2786,63,"Website Content Views",69,0.97159420289855,2018-03-13,2018-03-13
2018-03-13,6080125526433,1,Daily,3.47,197,173,1,"Estimated Ad Recall Lift (People)",30,0.11566666666667,2018-03-13,2018-03-13
2018-03-12,6080125526433,1,Daily,8.73,469,363,1,"Estimated Ad Recall Lift (People)",60,0.1455,2018-03-12,2018-03-12
2018-03-12,6081556666233,1,Daily,64.33,9543,3433,58,"Website Content Views",60,1.0721666666667,2018-03-12,2018-03-12
2018-03-11,6081556666233,1,Daily,47.7,3635,1826,14,"Website Content Views",8,5.9625,2018-03-11,2018-03-11
2018-03-11,6080125526433,1,Daily,5.05,251,231,0,"Estimated Ad Recall Lift (People)",40,0.12625,2018-03-11,2018-03-11
2018-03-10,6081491587833,1,Daily,7.22,1889,837,26,"Website Content Views",20,0.361,2018-03-10,2018-03-10
2018-03-10,6081556666233,1,Daily,29.77,1764,892,14,"Website Content Views",10,2.977,2018-03-10,2018-03-10
2018-03-10,6081393486033,1,Daily,33.64,1779,760,15,"Website Content Views",10,3.364,2018-03-10,2018-03-10
2018-03-10,6080125526433,1,Daily,10.69,734,631,2,"Estimated Ad Recall Lift (People)",70,0.15271428571429,2018-03-10,2018-03-10
2018-03-09,6081356196433,1,Daily,20.42,1433,668,7,"Website Content Views",7,2.9171428571429,2018-03-09,2018-03-09
2018-03-09,6081491587833,1,Daily,40.14,8795,4054,120,"Website Content Views",98,0.40959183673469,2018-03-09,2018-03-09
2018-03-09,6081393125033,1,Daily,3.86,99,66,1,"Website Content Views",1,3.86,2018-03-09,2018-03-09
2018-03-09,6080125526433,1,Daily,11.1,757,606,0,"Estimated Ad Recall Lift (People)",60,0.185,2018-03-09,2018-03-09
2018-03-08,6081355329233,1,Daily,17.75,647,284,8,"Website Content Views",7,2.5357142857143,2018-03-08,2018-03-08
2018-03-08,6081393486033,1,Daily,13.41,370,140,4,"Website Content Views",4,3.3525,2018-03-08,2018-03-08
2018-03-08,6081356196433,1,Daily,12.59,1138,521,6,"Website Content Views",6,2.0983333333333,2018-03-08,2018-03-08
2018-03-08,6081393125033,1,Daily,17.28,839,392,4,"Website Content Views",4,4.32,2018-03-08,2018-03-08
2018-03-08,6080125526433,1,Daily,6.29,252,224,0,"Estimated Ad Recall Lift (People)",20,0.3145,2018-03-08,2018-03-08
2018-03-07,6081355329233,1,Daily,6.63,209,154,1,"Website Content Views",1,6.63,2018-03-07,2018-03-07
2018-03-07,6081356196433,1,Daily,6.12,498,318,8,"Website Content Views",6,1.02,2018-03-07,2018-03-07
2018-03-07,6080125526433,1,Daily,8.77,406,335,0,"Estimated Ad Recall Lift (People)",30,0.29233333333333,2018-03-07,2018-03-07
2018-03-06,6080125526433,1,Daily,3.35,198,169,0,"Estimated Ad Recall Lift (People)",10,0.335,2018-03-06,2018-03-06
2018-03-05,6080125526433,1,Daily,1.89,107,95,0,"Estimated Ad Recall Lift (People)",10,0.189,2018-03-05,2018-03-05
2018-03-04,6080125526433,1,Daily,2.42,144,131,0,"Estimated Ad Recall Lift (People)",10,0.242,2018-03-04,2018-03-04
2018-03-03,6080125526433,1,Daily,2.38,142,126,0,"Estimated Ad Recall Lift (People)",10,0.238,2018-03-03,2018-03-03
2018-03-02,6080125526433,1,Daily,13.43,573,409,2,"Estimated Ad Recall Lift (People)",50,0.2686,2018-03-02,2018-03-02
2018-03-01,6080125526433,1,Daily,6.01,286,228,0,"Estimated Ad Recall Lift (People)",20,0.3005,2018-03-01,2018-03-01
2018-02-28,6080125526433,1,Daily,0.44,22,21,0,"Estimated Ad Recall Lift (People)",1,0.44,2018-02-28,2018-02-28
2018-02-27,6080125526433,1,Daily,2.81,150,128,0,"Estimated Ad Recall Lift (People)",10,0.281,2018-02-27,2018-02-27
2018-02-26,6080125526433,1,Daily,2.68,98,89,1,"Estimated Ad Recall Lift (People)",10,0.268,2018-02-26,2018-02-26
2018-02-25,6080125526433,1,Daily,2.83,142,128,0,"Estimated Ad Recall Lift (People)",10,0.283,2018-02-25,2018-02-25
2018-02-24,6080125526433,1,Daily,5.62,214,188,0,"Estimated Ad Recall Lift (People)",20,0.281,2018-02-24,2018-02-24
2018-02-23,6080125526433,1,Daily,4.39,249,197,0,"Estimated Ad Recall Lift (People)",10,0.439,2018-02-23,2018-02-23
2018-02-22,6080125526433,1,Daily,8.36,372,274,0,"Estimated Ad Recall Lift (People)",20,0.418,2018-02-22,2018-02-22
2018-02-21,6080125526433,1,Daily,0.33,19,16,0,"Estimated Ad Recall Lift (People)",1,0.33,2018-02-21,2018-02-21
2018-02-20,6080125526433,1,Daily,1.88,130,124,0,"Estimated Ad Recall Lift (People)",10,0.188,2018-02-20,2018-02-20
2018-02-19,6080125526433,1,Daily,6.29,210,172,0,"Estimated Ad Recall Lift (People)",20,0.3145,2018-02-19,2018-02-19
2018-02-18,6080125526433,1,Daily,8.89,843,610,3,"Estimated Ad Recall Lift (People)",40,0.22225,2018-02-18,2018-02-18
2018-02-17,6080125526433,1,Daily,5.81,500,362,1,"Estimated Ad Recall Lift (People)",40,0.14525,2018-02-17,2018-02-17
2018-02-15,6080125526433,1,Daily,4.16,330,276,2,"Estimated Ad Recall Lift (People)",30,0.13866666666667,2018-02-15,2018-02-15
2018-02-14,6080125526433,1,Daily,2.08,255,218,0,"Estimated Ad Recall Lift (People)",20,0.104,2018-02-14,2018-02-14
