Day,Amount Spent (USD),Result Type,Results,Reporting Starts,Reporting Ends
1/20/19,0.519539568,,,1/20/19,1/20/19
1/20/19,6.560460432,Website Registrations Completed,1,1/20/19,1/20/19
1/19/19,0.51,,,1/19/19,1/19/19
1/19/19,7.41,Website Registrations Completed,2,1/19/19,1/19/19
1/18/19,0.74,,,1/18/19,1/18/19
1/18/19,7.38,Website Registrations Completed,1,1/18/19,1/18/19
1/17/19,0,,,1/17/19,1/17/19
1/17/19,0,,,1/17/19,1/17/19
1/16/19,7.69,Website Registrations Completed,1,1/16/19,1/16/19
1/16/19,0.73,,,1/16/19,1/16/19
1/15/19,13.63,,,1/15/19,1/15/19
1/15/19,0.99,,,1/15/19,1/15/19
1/14/19,1.43,,,1/14/19,1/14/19
1/14/19,14.25,Website Registrations Completed,4,1/14/19,1/14/19
1/13/19,1.66,,,1/13/19,1/13/19
1/13/19,13.74,Website Registrations Completed,2,1/13/19,1/13/19
1/12/19,1.46,,,1/12/19,1/12/19
1/12/19,14.01,Website Registrations Completed,4,1/12/19,1/12/19
1/11/19,1.17,,,1/11/19,1/11/19
1/11/19,14.28,Website Registrations Completed,1,1/11/19,1/11/19
1/10/19,1.44,,,1/10/19,1/10/19
1/10/19,14.05,Website Registrations Completed,4,1/10/19,1/10/19
1/9/19,1.56,,,1/9/19,1/9/19
1/9/19,15.24,Website Registrations Completed,4,1/9/19,1/9/19
1/8/19,13.32,,,1/8/19,1/8/19
1/8/19,1.49,,,1/8/19,1/8/19
1/7/19,1.24,,,1/7/19,1/7/19
1/7/19,14.53,Website Registrations Completed,3,1/7/19,1/7/19
1/6/19,1.12,,,1/6/19,1/6/19
1/6/19,13.56,,,1/6/19,1/6/19
1/5/19,1.54,,,1/5/19,1/5/19
1/5/19,14.05,,,1/5/19,1/5/19
1/4/19,1.02,,,1/4/19,1/4/19
1/4/19,13.66,,,1/4/19,1/4/19
1/3/19,2.09,,,1/3/19,1/3/19
1/3/19,12.37,Website Registrations Completed,1,1/3/19,1/3/19
1/2/19,12.27,Website Registrations Completed,3,1/2/19,1/2/19
1/2/19,2.91,Website Registrations Completed,1,1/2/19,1/2/19
1/1/19,5.12,,,1/1/19,1/1/19
1/1/19,10.2,Website Registrations Completed,2,1/1/19,1/1/19
12/31/18,0.01,,,12/31/18,12/31/18
12/31/18,4.27,,,12/31/18,12/31/18
12/31/18,10.55,Website Registrations Completed,3,12/31/18,12/31/18
12/30/18,0.04,,,12/30/18,12/30/18
12/30/18,6.54,Website Registrations Completed,2,12/30/18,12/30/18
12/30/18,50.51,,,12/30/18,12/30/18
12/29/18,36.6,,,12/29/18,12/29/18
12/29/18,3.72,,,12/29/18,12/29/18
12/28/18,25.61,,,12/28/18,12/28/18
12/28/18,3.16,Website Registrations Completed,1,12/28/18,12/28/18
12/27/18,23.82,Website Registrations Completed,1,12/27/18,12/27/18
12/27/18,2.16,,,12/27/18,12/27/18
12/26/18,2.77,,,12/26/18,12/26/18
12/26/18,23.42,Website Registrations Completed,1,12/26/18,12/26/18
12/25/18,1.83,,,12/25/18,12/25/18
12/25/18,14.9,,,12/25/18,12/25/18
12/24/18,0.99,,,12/24/18,12/24/18
12/24/18,14.47,Website Registrations Completed,2,12/24/18,12/24/18
12/23/18,1.14,,,12/23/18,12/23/18
12/23/18,13.46,Website Registrations Completed,1,12/23/18,12/23/18
12/23/18,0.2,,,12/23/18,12/23/18
12/22/18,0.73,,,12/22/18,12/22/18
12/22/18,16.21,Website Registrations Completed,8,12/22/18,12/22/18
12/22/18,4.34,Website Registrations Completed,1,12/22/18,12/22/18
12/22/18,0.24,,,12/22/18,12/22/18
12/21/18,0.28,,,12/21/18,12/21/18
12/21/18,4.5,,,12/21/18,12/21/18
12/21/18,10.54,,,12/21/18,12/21/18
12/20/18,0.54,,,12/20/18,12/20/18
12/20/18,5.58,Website Registrations Completed,1,12/20/18,12/20/18
12/19/18,0.62,,,12/19/18,12/19/18
12/19/18,8.72,Website Registrations Completed,4,12/19/18,12/19/18
12/18/18,0.88,Website Registrations Completed,1,12/18/18,12/18/18
12/18/18,12.83,Website Registrations Completed,7,12/18/18,12/18/18
12/17/18,0.11,,,12/17/18,12/17/18
12/17/18,2.15,Website Registrations Completed,1,12/17/18,12/17/18
12/16/18,1.89,Website Registrations Completed,2,12/16/18,12/16/18
12/16/18,0.12,,,12/16/18,12/16/18
12/15/18,1.91,Website Registrations Completed,1,12/15/18,12/15/18
12/15/18,0.09,,,12/15/18,12/15/18
12/14/18,1.2,Website Registrations Completed,1,12/14/18,12/14/18
12/14/18,9.28,,,12/14/18,12/14/18
12/14/18,0.26,,,12/14/18,12/14/18
12/13/18,1.17,,,12/13/18,12/13/18
12/13/18,13.99,Website Registrations Completed,2,12/13/18,12/13/18
12/13/18,0.58,,,12/13/18,12/13/18
12/12/18,0.47,,,12/12/18,12/12/18
12/12/18,0.06,,,12/12/18,12/12/18
12/12/18,1.19,,,12/12/18,12/12/18
12/12/18,13.92,Website Registrations Completed,4,12/12/18,12/12/18
12/11/18,17.68,Website Registrations Completed,1,12/11/18,12/11/18
12/11/18,0.65,,,12/11/18,12/11/18
12/11/18,0.16,,,12/11/18,12/11/18
12/11/18,3.08,,,12/11/18,12/11/18
12/10/18,0.05,,,12/10/18,12/10/18
12/10/18,7.12,,,12/10/18,12/10/18
12/10/18,29.87,Website Registrations Completed,2,12/10/18,12/10/18
12/10/18,1.24,,,12/10/18,12/10/18
12/9/18,1.039742829,,,12/9/18,12/9/18
12/9/18,0.039990109,,,12/9/18,12/9/18
12/9/18,7.288197329,Website Registrations Completed,1,12/9/18,12/9/18
12/9/18,32.06206973,Website Registrations Completed,1,12/9/18,12/9/18
12/8/18,137.4319621,,,12/8/18,12/8/18
12/8/18,3.479796479,,,12/8/18,12/8/18
12/8/18,29.40828002,,,12/8/18,12/8/18
12/8/18,0.659961401,,,12/8/18,12/8/18
12/7/18,1.060778553,,,12/7/18,12/7/18
12/7/18,9.987330151,,,12/7/18,12/7/18
12/7/18,38.63835843,Website Registrations Completed,1,12/7/18,12/7/18
12/7/18,4.813532868,,,12/7/18,12/7/18
12/6/18,0.23,,,12/6/18,12/6/18
12/6/18,5.1,,,12/6/18,12/6/18
12/6/18,11.36,Website Registrations Completed,7,12/6/18,12/6/18
12/5/18,0.15,,,12/5/18,12/5/18
12/5/18,2.74,Website Registrations Completed,3,12/5/18,12/5/18
12/4/18,8.21,Website Registrations Completed,6,12/4/18,12/4/18
12/4/18,0.38,Website Registrations Completed,1,12/4/18,12/4/18
11/30/18,4.25,,,11/30/18,11/30/18
11/30/18,48.4,,,11/30/18,11/30/18
11/30/18,3.28,,,11/30/18,11/30/18
11/29/18,7.65,,,11/29/18,11/29/18
11/29/18,116.52,,,11/29/18,11/29/18
11/29/18,10.35,,,11/29/18,11/29/18
11/28/18,1.55,,,11/28/18,11/28/18
11/28/18,15.73,,,11/28/18,11/28/18
11/28/18,1.97,,,11/28/18,11/28/18
11/27/18,10.86,Website Registrations Completed,2,11/27/18,11/27/18
11/27/18,2.9,,,11/27/18,11/27/18
11/27/18,0.97,,,11/27/18,11/27/18
11/26/18,2.54,,,11/26/18,11/26/18
11/26/18,11.72,,,11/26/18,11/26/18
11/26/18,0.73,,,11/26/18,11/26/18
11/25/18,0.1,,,11/25/18,11/25/18
11/25/18,3.06,,,11/25/18,11/25/18
11/25/18,14.61,Website Registrations Completed,1,11/25/18,11/25/18
11/25/18,2.1,,,11/25/18,11/25/18
11/24/18,0.21,,,11/24/18,11/24/18
11/24/18,7.68,,,11/24/18,11/24/18
11/24/18,25.96,,,11/24/18,11/24/18
11/24/18,2.47,Website Registrations Completed,1,11/24/18,11/24/18
11/23/18,36.62,,,11/23/18,11/23/18
11/23/18,2.92,,,11/23/18,11/23/18
11/23/18,9.24,,,11/23/18,11/23/18
11/23/18,0.27,,,11/23/18,11/23/18
11/22/18,0.43,,,11/22/18,11/22/18
11/22/18,10.61,Website Registrations Completed,1,11/22/18,11/22/18
11/22/18,27.86,,,11/22/18,11/22/18
11/22/18,6.23,,,11/22/18,11/22/18
11/21/18,0.16,,,11/21/18,11/21/18
11/21/18,5.14,,,11/21/18,11/21/18
11/21/18,10.14,Website Registrations Completed,2,11/21/18,11/21/18
11/21/18,2.8,,,11/21/18,11/21/18
11/20/18,0.211,,,11/20/18,11/20/18
11/20/18,1.647809524,,,11/20/18,11/20/18
11/20/18,0.040190476,,,11/20/18,11/20/18
11/20/18,0.211,,,11/20/18,11/20/18
11/19/18,0.18,,,11/19/18,11/19/18
11/19/18,0.3,,,11/19/18,11/19/18
11/19/18,2.43,,,11/19/18,11/19/18
11/18/18,0.11,,,11/18/18,11/18/18
11/18/18,2.69,,,11/18/18,11/18/18
11/18/18,0.41,,,11/18/18,11/18/18
11/17/18,0.13,,,11/17/18,11/17/18
11/17/18,2.2,Website Registrations Completed,1,11/17/18,11/17/18
11/16/18,0.19,,,11/16/18,11/16/18
11/16/18,2.14,,,11/16/18,11/16/18
11/15/18,13.33,,,11/15/18,11/15/18
11/15/18,1.41,,,11/15/18,11/15/18
11/15/18,4.39,,,11/15/18,11/15/18
11/15/18,1.04,,,11/15/18,11/15/18
11/14/18,0.77,,,11/14/18,11/14/18
11/14/18,9.16,,,11/14/18,11/14/18
11/14/18,34.28,,,11/14/18,11/14/18
11/14/18,4.64,,,11/14/18,11/14/18
11/13/18,0.92,,,11/13/18,11/13/18
11/13/18,11.38,,,11/13/18,11/13/18
11/13/18,28.26,Website Registrations Completed,3,11/13/18,11/13/18
11/13/18,5.91,,,11/13/18,11/13/18
11/12/18,3.33,,,11/12/18,11/12/18
11/12/18,16.99,,,11/12/18,11/12/18
11/12/18,7.62,,,11/12/18,11/12/18
11/12/18,0.17,,,11/12/18,11/12/18
11/11/18,0.16,,,11/11/18,11/11/18
11/11/18,1.86,Website Registrations Completed,1,11/11/18,11/11/18
11/9/18,0.24,,,11/9/18,11/9/18
11/9/18,2.86,Website Registrations Completed,2,11/9/18,11/9/18
11/8/18,0.83,,,11/8/18,11/8/18
11/8/18,8.99,Website Registrations Completed,3,11/8/18,11/8/18
11/7/18,3.88,Website Registrations Completed,2,11/7/18,11/7/18
11/7/18,0.32,,,11/7/18,11/7/18
11/6/18,2.06,,,11/6/18,11/6/18
11/6/18,0.19,,,11/6/18,11/6/18
11/4/18,0.48,,,11/4/18,11/4/18
11/4/18,4.67,Website Registrations Completed,2,11/4/18,11/4/18
11/3/18,0.76,,,11/3/18,11/3/18
11/3/18,7.24,Website Registrations Completed,2,11/3/18,11/3/18
11/2/18,1.14,,,11/2/18,11/2/18
11/2/18,0.99,,,11/2/18,11/2/18
11/2/18,5.93,,,11/2/18,11/2/18
11/2/18,0.1,,,11/2/18,11/2/18
11/1/18,1.75,,,11/1/18,11/1/18
11/1/18,1.69,,,11/1/18,11/1/18
11/1/18,3.8,,,11/1/18,11/1/18
11/1/18,0.58,,,11/1/18,11/1/18
10/31/18,1.3,Website Registrations Completed,1,10/31/18,10/31/18
10/31/18,0.13,,,10/31/18,10/31/18
10/31/18,0.75,Website Registrations Completed,1,10/31/18,10/31/18
10/31/18,0.41,,,10/31/18,10/31/18
10/30/18,3.46,,,10/30/18,10/30/18
10/30/18,0.24,,,10/30/18,10/30/18
10/30/18,0.94,,,10/30/18,10/30/18
10/30/18,1.06,,,10/30/18,10/30/18
10/29/18,0.02,,,10/29/18,10/29/18
10/29/18,0.69,,,10/29/18,10/29/18
10/29/18,3.59,,,10/29/18,10/29/18
10/28/18,1.64,,,10/28/18,10/28/18
10/28/18,20.27,,,10/28/18,10/28/18
10/28/18,24.04,Website Registrations Completed,1,10/28/18,10/28/18
10/27/18,20.42,,,10/27/18,10/27/18
10/27/18,25.21,,,10/27/18,10/27/18
10/27/18,1.73,,,10/27/18,10/27/18
10/26/18,1.5,,,10/26/18,10/26/18
10/26/18,8.71,,,10/26/18,10/26/18
10/26/18,13.82,,,10/26/18,10/26/18
10/25/18,0.17,,,10/25/18,10/25/18
10/25/18,3.58,,,10/25/18,10/25/18
10/25/18,8,Website Registrations Completed,1,10/25/18,10/25/18
10/24/18,0.74,,,10/24/18,10/24/18
10/24/18,1.64,,,10/24/18,10/24/18
10/24/18,4.76,,,10/24/18,10/24/18
10/23/18,0.21,,,10/23/18,10/23/18
10/23/18,2.84,Website Registrations Completed,1,10/23/18,10/23/18
10/22/18,0.32,,,10/22/18,10/22/18
10/22/18,2.63,Website Registrations Completed,1,10/22/18,10/22/18
10/22/18,0.07,,,10/22/18,10/22/18
10/21/18,0.05,,,10/21/18,10/21/18
10/21/18,0.77,,,10/21/18,10/21/18
10/21/18,2.33,Website Registrations Completed,1,10/21/18,10/21/18
10/20/18,0.4,,,10/20/18,10/20/18
10/20/18,2.08,,,10/20/18,10/20/18
10/19/18,0.52,Website Registrations Completed,1,10/19/18,10/19/18
10/19/18,2.47,Website Registrations Completed,1,10/19/18,10/19/18
10/18/18,0.438311688,,,10/18/18,10/18/18
10/18/18,2.561688312,Website Registrations Completed,1,10/18/18,10/18/18
10/17/18,0.59,Website Registrations Completed,1,10/17/18,10/17/18
10/17/18,2.56,,,10/17/18,10/17/18
10/16/18,2.71,Website Registrations Completed,1,10/16/18,10/16/18
10/16/18,0.42,,,10/16/18,10/16/18
10/15/18,0.36,,,10/15/18,10/15/18
10/15/18,2.64,,,10/15/18,10/15/18
10/14/18,0.02,,,10/14/18,10/14/18
10/14/18,0.34,,,10/14/18,10/14/18
10/14/18,2.82,,,10/14/18,10/14/18
10/13/18,0.35,Website Registrations Completed,1,10/13/18,10/13/18
10/13/18,2.37,,,10/13/18,10/13/18
10/12/18,0.29,,,10/12/18,10/12/18
10/12/18,2.55,,,10/12/18,10/12/18
10/11/18,0.27,,,10/11/18,10/11/18
10/11/18,2.85,Website Registrations Completed,1,10/11/18,10/11/18
10/10/18,0.47,,,10/10/18,10/10/18
10/10/18,2.67,,,10/10/18,10/10/18
10/10/18,0,,,10/10/18,10/10/18
10/9/18,0.83,,,10/9/18,10/9/18
10/9/18,2.21,,,10/9/18,10/9/18
10/8/18,0.25,,,10/8/18,10/8/18
10/8/18,2.67,,,10/8/18,10/8/18
10/7/18,0.67,,,10/7/18,10/7/18
10/7/18,2.55,,,10/7/18,10/7/18
10/6/18,0.29,,,10/6/18,10/6/18
10/6/18,2.64,,,10/6/18,10/6/18
10/5/18,0.36,,,10/5/18,10/5/18
10/5/18,2.66,,,10/5/18,10/5/18
10/4/18,5.4,,,10/4/18,10/4/18
10/4/18,0.74,,,10/4/18,10/4/18
10/4/18,0,,,10/4/18,10/4/18
10/3/18,1.32,,,10/3/18,10/3/18
10/3/18,5.5,Website Registrations Completed,1,10/3/18,10/3/18
10/2/18,0.01,,,10/2/18,10/2/18
10/2/18,1.55,,,10/2/18,10/2/18
10/2/18,5.25,Website Registrations Completed,1,10/2/18,10/2/18
10/1/18,0.02,,,10/1/18,10/1/18
10/1/18,1.52,,,10/1/18,10/1/18
10/1/18,6.91,,,10/1/18,10/1/18
9/30/18,0.22,,,9/30/18,9/30/18
9/30/18,7.22,Website Registrations Completed,2,9/30/18,9/30/18
9/29/18,0.06,,,9/29/18,9/29/18
9/29/18,1.94,,,9/29/18,9/29/18
9/28/18,1.76,,,9/28/18,9/28/18
9/28/18,0.23,,,9/28/18,9/28/18
9/27/18,0.11,,,9/27/18,9/27/18
9/27/18,1.81,,,9/27/18,9/27/18
9/26/18,0.16,,,9/26/18,9/26/18
9/26/18,1.86,Website Registrations Completed,1,9/26/18,9/26/18
9/25/18,0.06,,,9/25/18,9/25/18
9/25/18,1.96,Website Registrations Completed,1,9/25/18,9/25/18
9/24/18,0.05,Website Registrations Completed,1,9/24/18,9/24/18
9/24/18,1.99,,,9/24/18,9/24/18
9/23/18,0.17,,,9/23/18,9/23/18
9/23/18,1.84,Website Registrations Completed,4,9/23/18,9/23/18
9/22/18,1.85,Website Registrations Completed,1,9/22/18,9/22/18
9/22/18,0.11,,,9/22/18,9/22/18
9/21/18,1.92,Website Registrations Completed,2,9/21/18,9/21/18
9/21/18,0.09,,,9/21/18,9/21/18
9/20/18,0.19,,,9/20/18,9/20/18
9/20/18,2.17,Website Registrations Completed,2,9/20/18,9/20/18
9/19/18,0.14,,,9/19/18,9/19/18
9/19/18,2.83,Website Registrations Completed,3,9/19/18,9/19/18
9/18/18,0.14,Website Registrations Completed,1,9/18/18,9/18/18
9/18/18,2.83,Website Registrations Completed,1,9/18/18,9/18/18
9/17/18,0.14,,,9/17/18,9/17/18
9/17/18,2.95,Website Registrations Completed,2,9/17/18,9/17/18
9/16/18,4.45,,,9/16/18,9/16/18
9/16/18,0.25,,,9/16/18,9/16/18
9/15/18,4.22,Website Registrations Completed,1,9/15/18,9/15/18
9/15/18,0.34,,,9/15/18,9/15/18
9/14/18,4.05,,,9/14/18,9/14/18
9/14/18,0.16,,,9/14/18,9/14/18
9/13/18,0.19,,,9/13/18,9/13/18
9/13/18,7.71,,,9/13/18,9/13/18
9/12/18,0.079797126,,,9/12/18,9/12/18
9/12/18,11.72020287,Website Registrations Completed,1,9/12/18,9/12/18
9/11/18,0.21,,,9/11/18,9/11/18
9/11/18,26.35,Website Registrations Completed,3,9/11/18,9/11/18
9/10/18,0.15,,,9/10/18,9/10/18
9/10/18,10.44,Website Registrations Completed,1,9/10/18,9/10/18
9/7/18,0.09,,,9/7/18,9/7/18
9/7/18,1.33,,,9/7/18,9/7/18
9/6/18,2.81,,,9/6/18,9/6/18
9/6/18,0.25,,,9/6/18,9/6/18
9/5/18,0.2,,,9/5/18,9/5/18
9/5/18,2.67,Website Registrations Completed,1,9/5/18,9/5/18
9/4/18,0.11,,,9/4/18,9/4/18
9/4/18,2.96,Website Registrations Completed,1,9/4/18,9/4/18
9/3/18,0.1794,,,9/3/18,9/3/18
9/3/18,2.7508,,,9/3/18,9/3/18
9/3/18,0.0598,,,9/3/18,9/3/18
9/2/18,0.12,,,9/2/18,9/2/18
9/2/18,2.8,Website Registrations Completed,1,9/2/18,9/2/18
9/2/18,0.18,,,9/2/18,9/2/18
9/1/18,2.74,,,9/1/18,9/1/18
9/1/18,0.11,,,9/1/18,9/1/18
9/1/18,0.14,,,9/1/18,9/1/18
8/31/18,4.3,,,8/31/18,8/31/18
8/31/18,19.32,,,8/31/18,8/31/18
8/31/18,2.59,,,8/31/18,8/31/18
8/30/18,8.49,,,8/30/18,8/30/18
8/30/18,24.98,,,8/30/18,8/30/18
8/30/18,3.16,,,8/30/18,8/30/18
8/29/18,5.36,,,8/29/18,8/29/18
8/29/18,21.18,,,8/29/18,8/29/18
8/29/18,3.36,,,8/29/18,8/29/18
8/28/18,19.08,,,8/28/18,8/28/18
8/28/18,4.21,,,8/28/18,8/28/18
8/28/18,1.09,,,8/28/18,8/28/18
8/27/18,0.25,,,8/27/18,8/27/18
8/27/18,2.76,,,8/27/18,8/27/18
8/26/18,0.1,,,8/26/18,8/26/18
8/26/18,2.89,Website Registrations Completed,1,8/26/18,8/26/18
8/25/18,0.3,,,8/25/18,8/25/18
8/25/18,2.81,Website Registrations Completed,1,8/25/18,8/25/18
8/24/18,0.19,,,8/24/18,8/24/18
8/24/18,1.85,,,8/24/18,8/24/18
8/23/18,0.22,,,8/23/18,8/23/18
8/23/18,1.85,,,8/23/18,8/23/18
8/22/18,0.09,Website Registrations Completed,1,8/22/18,8/22/18
8/22/18,1.88,,,8/22/18,8/22/18
8/21/18,1.91,,,8/21/18,8/21/18
8/21/18,0.07,,,8/21/18,8/21/18
8/20/18,1.84,Website Registrations Completed,1,8/20/18,8/20/18
8/20/18,0.14,,,8/20/18,8/20/18
8/19/18,0.18,Website Registrations Completed,1,8/19/18,8/19/18
8/19/18,2.15,Website Registrations Completed,1,8/19/18,8/19/18
8/18/18,0.16,,,8/18/18,8/18/18
8/18/18,3.2,Website Registrations Completed,1,8/18/18,8/18/18
8/17/18,0.15,,,8/17/18,8/17/18
8/17/18,3.15,Website Registrations Completed,2,8/17/18,8/17/18
8/16/18,0.22,,,8/16/18,8/16/18
8/16/18,1.59,,,8/16/18,8/16/18
8/15/18,0.2,,,8/15/18,8/15/18
8/15/18,2.44,Website Registrations Completed,1,8/15/18,8/15/18
8/14/18,0.06,,,8/14/18,8/14/18
8/14/18,1.64,Website Registrations Completed,1,8/14/18,8/14/18
8/13/18,23.42,Website Registrations Completed,2,8/13/18,8/13/18
8/13/18,1.88,,,8/13/18,8/13/18
8/10/18,1.61,,,8/10/18,8/10/18
8/10/18,23.59,Website Registrations Completed,2,8/10/18,8/10/18
8/9/18,1.8,,,8/9/18,8/9/18
8/9/18,25.36,Website Registrations Completed,2,8/9/18,8/9/18
8/8/18,0.07,,,8/8/18,8/8/18
8/8/18,0.52,Website Registrations Completed,1,8/8/18,8/8/18
8/7/18,0.27,,,8/7/18,8/7/18
8/7/18,5.26,Website Registrations Completed,2,8/7/18,8/7/18
8/6/18,0.39,Website Registrations Completed,1,8/6/18,8/6/18
8/6/18,6.76,Website Registrations Completed,3,8/6/18,8/6/18
6/25/18,0.31,,,6/25/18,6/25/18
6/25/18,2.73,,,6/25/18,6/25/18
6/24/18,9.09,,,6/24/18,6/24/18
6/24/18,0.65,,,6/24/18,6/24/18
6/23/18,0.72,,,6/23/18,6/23/18
6/23/18,9.44,,,6/23/18,6/23/18
6/22/18,0.75,,,6/22/18,6/22/18
6/22/18,9.08,,,6/22/18,6/22/18
6/21/18,2.72,,,6/21/18,6/21/18
6/21/18,8.04,,,6/21/18,6/21/18
6/20/18,3.39,,,6/20/18,6/20/18
6/20/18,11.2,,,6/20/18,6/20/18
6/19/18,1.1,,,6/19/18,6/19/18
6/19/18,4.35,,,6/19/18,6/19/18
6/15/18,9.5,,,6/15/18,6/15/18
6/15/18,2.94,,,6/15/18,6/15/18
6/14/18,18.22,,,6/14/18,6/14/18
6/14/18,7.16,Website Registrations Completed,1,6/14/18,6/14/18
6/13/18,12.43,,,6/13/18,6/13/18
6/13/18,33,Website Registrations Completed,4,6/13/18,6/13/18
6/12/18,7.18,Website Registrations Completed,3,6/12/18,6/12/18
6/12/18,34.97,Website Registrations Completed,8,6/12/18,6/12/18
6/9/18,1.6,,,6/9/18,6/9/18
6/9/18,23.28,Website Registrations Completed,3,6/9/18,6/9/18
6/8/18,7.44,,,6/8/18,6/8/18
6/8/18,61.35,Website Registrations Completed,4,6/8/18,6/8/18
6/7/18,26.99,Website Registrations Completed,11,6/7/18,6/7/18
6/7/18,1.24,,,6/7/18,6/7/18
6/6/18,5.25,Website Registrations Completed,2,6/6/18,6/6/18
6/6/18,0.34,,,6/6/18,6/6/18
5/29/18,0.09,,,5/29/18,5/29/18
5/29/18,1.8,Website Registrations Completed,2,5/29/18,5/29/18
5/28/18,0.15,,,5/28/18,5/28/18
5/28/18,2.79,,,5/28/18,5/28/18
5/27/18,0.08,,,5/27/18,5/27/18
5/27/18,2.92,Website Registrations Completed,1,5/27/18,5/27/18
5/26/18,0.15,,,5/26/18,5/26/18
5/26/18,2.84,Website Registrations Completed,2,5/26/18,5/26/18
5/25/18,0.14,Website Registrations Completed,1,5/25/18,5/25/18
5/25/18,2.84,Website Registrations Completed,2,5/25/18,5/25/18
5/24/18,0.31,,,5/24/18,5/24/18
5/24/18,4.24,Website Registrations Completed,1,5/24/18,5/24/18
5/23/18,0.61,,,5/23/18,5/23/18
5/23/18,0.02,,,5/23/18,5/23/18
11/11/17,0.64,,,11/11/17,11/11/17
11/11/17,10.12,Website Registrations Completed,1,11/11/17,11/11/17
11/10/17,0.62,,,11/10/17,11/10/17
11/10/17,12.23,Website Registrations Completed,3,11/10/17,11/10/17
11/9/17,0.888130252,,,11/9/17,11/9/17
11/9/17,13.36186975,Website Registrations Completed,3,11/9/17,11/9/17
11/8/17,10.42866016,,,11/8/17,11/8/17
11/8/17,145.2413398,Website Registrations Completed,12,11/8/17,11/8/17
11/7/17,13.93,Website Registrations Completed,3,11/7/17,11/7/17
11/7/17,0.9,Website Registrations Completed,1,11/7/17,11/7/17
11/6/17,14.27,Website Registrations Completed,2,11/6/17,11/6/17
11/6/17,0.91,,,11/6/17,11/6/17
11/5/17,14.91,Website Registrations Completed,3,11/5/17,11/5/17
11/5/17,0.8,,,11/5/17,11/5/17
11/4/17,1.07,Website Registrations Completed,1,11/4/17,11/4/17
11/4/17,14.05,Website Registrations Completed,4,11/4/17,11/4/17
11/3/17,2.668008454,Website Registrations Completed,1,11/3/17,11/3/17
11/3/17,37.52199155,Website Registrations Completed,5,11/3/17,11/3/17
11/2/17,5.45,Website Registrations Completed,1,11/2/17,11/2/17
11/2/17,73.69,Website Registrations Completed,14,11/2/17,11/2/17
11/1/17,0.51,,,11/1/17,11/1/17
11/1/17,5.6,Website Registrations Completed,1,11/1/17,11/1/17
11/1/17,83.54,Website Registrations Completed,7,11/1/17,11/1/17
10/31/17,102.6706959,Website Registrations Completed,14,10/31/17,10/31/17
10/31/17,7.679304096,Website Registrations Completed,1,10/31/17,10/31/17
10/30/17,3.89,,,10/30/17,10/30/17
10/30/17,10.37,,,10/30/17,10/30/17
10/30/17,1.22,,,10/30/17,10/30/17
10/29/17,7.54,,,10/29/17,10/29/17
10/29/17,10.51,,,10/29/17,10/29/17
10/29/17,2.95,,,10/29/17,10/29/17
10/28/17,8.16,,,10/28/17,10/28/17
10/28/17,12.23,Website Registrations Completed,1,10/28/17,10/28/17
10/28/17,4.27,,,10/28/17,10/28/17
10/27/17,3.93,Website Registrations Completed,1,10/27/17,10/27/17
10/27/17,7.7,Website Registrations Completed,2,10/27/17,10/27/17
10/27/17,13.35,Website Registrations Completed,2,10/27/17,10/27/17
10/26/17,6.86,Website Registrations Completed,1,10/26/17,10/26/17
10/26/17,11.47,,,10/26/17,10/26/17
10/25/17,6.23,,,10/25/17,10/25/17
10/25/17,10.6,,,10/25/17,10/25/17
10/24/17,7.47,,,10/24/17,10/24/17
10/24/17,4.2,Website Registrations Completed,1,10/24/17,10/24/17
10/23/17,6.74,,,10/23/17,10/23/17
10/23/17,4.45,,,10/23/17,10/23/17
10/22/17,7.88,,,10/22/17,10/22/17
10/22/17,5.59,,,10/22/17,10/22/17
10/21/17,14.7,,,10/21/17,10/21/17
10/21/17,9.55,,,10/21/17,10/21/17
10/20/17,13,,,10/20/17,10/20/17
10/20/17,0.44,,,10/20/17,10/20/17
10/20/17,28.08,Website Registrations Completed,1,10/20/17,10/20/17
10/19/17,1.47,,,10/19/17,10/19/17
10/19/17,1.24,,,10/19/17,10/19/17
10/19/17,14.85,,,10/19/17,10/19/17
10/18/17,1.66,,,10/18/17,10/18/17
10/18/17,11.53,Website Registrations Completed,1,10/18/17,10/18/17
10/18/17,1.34,,,10/18/17,10/18/17
10/17/17,1.38,,,10/17/17,10/17/17
10/17/17,11.32,,,10/17/17,10/17/17
10/17/17,1.97,,,10/17/17,10/17/17
10/16/17,6.27,,,10/16/17,10/16/17
10/16/17,2.3,,,10/16/17,10/16/17
10/16/17,32.21,Website Registrations Completed,1,10/16/17,10/16/17
10/15/17,80.66439458,Website Registrations Completed,2,10/15/17,10/15/17
10/15/17,16.43682012,,,10/15/17,10/15/17
10/15/17,6.2787853,,,10/15/17,10/15/17
10/14/17,3.46,,,10/14/17,10/14/17
10/14/17,44.14,Website Registrations Completed,3,10/14/17,10/14/17
10/14/17,8.21,,,10/14/17,10/14/17
10/13/17,1.727916918,,,10/13/17,10/13/17
10/13/17,12.37508128,,,10/13/17,10/13/17
10/13/17,2.487001806,,,10/13/17,10/13/17
10/12/17,2.08,,,10/12/17,10/12/17
10/12/17,1.73,,,10/12/17,10/12/17
10/12/17,12.77,Website Registrations Completed,2,10/12/17,10/12/17
10/11/17,2.6,,,10/11/17,10/11/17
10/11/17,13.95,Website Registrations Completed,2,10/11/17,10/11/17
10/11/17,1.49,,,10/11/17,10/11/17
10/11/17,0,,,10/11/17,10/11/17
10/10/17,4.65,,,10/10/17,10/10/17
10/10/17,37.09,Website Registrations Completed,2,10/10/17,10/10/17
10/10/17,6.42,,,10/10/17,10/10/17
10/9/17,6.45,,,10/9/17,10/9/17
10/9/17,3.56,,,10/9/17,10/9/17
10/9/17,30.55,Website Registrations Completed,2,10/9/17,10/9/17
10/8/17,0.36,,,10/8/17,10/8/17
10/8/17,0.78,,,10/8/17,10/8/17
10/8/17,2.14,,,10/8/17,10/8/17
10/7/17,0.22,,,10/7/17,10/7/17
10/7/17,0.34,,,10/7/17,10/7/17
10/7/17,1.2,,,10/7/17,10/7/17
10/6/17,12.17,,,10/6/17,10/6/17
10/6/17,2.55,,,10/6/17,10/6/17
10/6/17,4.26,,,10/6/17,10/6/17
10/5/17,5,,,10/5/17,10/5/17
10/5/17,14.41,,,10/5/17,10/5/17
10/5/17,2.79,,,10/5/17,10/5/17
10/4/17,3.92770041,Website Registrations Completed,1,10/4/17,10/4/17
10/4/17,11.11349327,Website Registrations Completed,2,10/4/17,10/4/17
10/4/17,2.038806319,,,10/4/17,10/4/17
10/3/17,1.91,Website Registrations Completed,1,10/3/17,10/3/17
10/3/17,5.43,,,10/3/17,10/3/17
10/3/17,0.97,,,10/3/17,10/3/17
9/30/17,0.02,,,9/30/17,9/30/17
9/30/17,0.19,,,9/30/17,9/30/17
9/30/17,0.03,,,9/30/17,9/30/17
9/29/17,0.63,,,9/29/17,9/29/17
9/29/17,2.28,,,9/29/17,9/29/17
9/29/17,0.4,,,9/29/17,9/29/17
9/28/17,0.84,,,9/28/17,9/28/17
9/28/17,2.63,,,9/28/17,9/28/17
9/28/17,0.45,,,9/28/17,9/28/17
9/27/17,3.26,,,9/27/17,9/27/17
9/27/17,7.72,,,9/27/17,9/27/17
9/27/17,1.54,,,9/27/17,9/27/17
9/26/17,7.06,,,9/26/17,9/26/17
9/26/17,1.39,,,9/26/17,9/26/17
9/26/17,2.74,,,9/26/17,9/26/17
9/13/17,3.328033077,,,9/13/17,9/13/17
9/13/17,13.59196692,,,9/13/17,9/13/17
9/12/17,25.63213014,Website Registrations Completed,1,9/12/17,9/12/17
9/12/17,6.937869859,,,9/12/17,9/12/17
9/11/17,43.89216491,,,9/11/17,9/11/17
9/11/17,12.12783509,,,9/11/17,9/11/17
9/10/17,35.25,Website Registrations Completed,2,9/10/17,9/10/17
9/10/17,10.04,,,9/10/17,9/10/17
9/9/17,28.2,,,9/9/17,9/9/17
9/9/17,6.64,,,9/9/17,9/9/17
9/8/17,10.61524832,,,9/8/17,9/8/17
9/8/17,34.06475168,Website Registrations Completed,1,9/8/17,9/8/17
9/7/17,7.03,Website Registrations Completed,1,9/7/17,9/7/17
9/7/17,23.23,,,9/7/17,9/7/17
9/6/17,23.52,Website Registrations Completed,1,9/6/17,9/6/17
9/6/17,7.72,,,9/6/17,9/6/17
9/5/17,28.82227285,Website Registrations Completed,1,9/5/17,9/5/17
9/5/17,8.477727151,Website Registrations Completed,1,9/5/17,9/5/17
9/4/17,18.75213747,Website Registrations Completed,2,9/4/17,9/4/17
9/4/17,5.097862531,,,9/4/17,9/4/17
8/30/17,0.31,,,8/30/17,8/30/17
8/30/17,0.91,,,8/30/17,8/30/17
8/29/17,2.31,,,8/29/17,8/29/17
8/29/17,5.62,,,8/29/17,8/29/17
8/28/17,4.22,,,8/28/17,8/28/17
8/28/17,9.39,,,8/28/17,8/28/17
8/27/17,4.11,,,8/27/17,8/27/17
8/27/17,0.03,,,8/27/17,8/27/17
8/27/17,11.63,,,8/27/17,8/27/17
8/26/17,0,,,8/26/17,8/26/17
8/26/17,0.260512484,,,8/26/17,8/26/17
8/26/17,11.01166229,,,8/26/17,8/26/17
8/26/17,3.97782523,,,8/26/17,8/26/17
8/25/17,3.98,,,8/25/17,8/25/17
8/25/17,37,,,8/25/17,8/25/17
8/25/17,8.41,,,8/25/17,8/25/17
8/24/17,17.93,,,8/24/17,8/24/17
8/24/17,0.05,,,8/24/17,8/24/17
8/23/17,34.6,,,8/23/17,8/23/17
8/22/17,0.7,,,8/22/17,8/22/17
8/22/17,1.91,,,8/22/17,8/22/17
8/21/17,1.27,,,8/21/17,8/21/17
8/21/17,1.06,,,8/21/17,8/21/17
8/20/17,0.82,,,8/20/17,8/20/17
8/20/17,0.64,,,8/20/17,8/20/17
8/19/17,1.26,,,8/19/17,8/19/17
8/19/17,0.83,,,8/19/17,8/19/17
8/18/17,1.36,,,8/18/17,8/18/17
8/18/17,0.95,,,8/18/17,8/18/17
8/17/17,1.49,,,8/17/17,8/17/17
8/17/17,1.14,,,8/17/17,8/17/17
8/16/17,1.68,,,8/16/17,8/16/17
8/16/17,1.94,,,8/16/17,8/16/17
8/15/17,3.88,,,8/15/17,8/15/17
8/15/17,3.05,,,8/15/17,8/15/17
8/14/17,6.48,,,8/14/17,8/14/17
8/14/17,4.01,,,8/14/17,8/14/17
8/13/17,8.25,,,8/13/17,8/13/17
8/13/17,5.03,,,8/13/17,8/13/17
8/12/17,19.05,,,8/12/17,8/12/17
8/11/17,24.17,,,8/11/17,8/11/17
8/10/17,35.21,Website Registrations Completed,2,8/10/17,8/10/17
8/9/17,25.45,,,8/9/17,8/9/17
8/8/17,22.34,Website Registrations Completed,1,8/8/17,8/8/17
8/7/17,27.53,,,8/7/17,8/7/17
8/6/17,13.1,Website Registrations Completed,1,8/6/17,8/6/17
8/5/17,17.78,,,8/5/17,8/5/17
8/4/17,32.74,,,8/4/17,8/4/17
8/3/17,22.2,Website Registrations Completed,1,8/3/17,8/3/17
8/2/17,38.37,Website Registrations Completed,2,8/2/17,8/2/17
8/1/17,23.6,Website Registrations Completed,1,8/1/17,8/1/17
7/31/17,21.82,,,7/31/17,7/31/17
7/30/17,23.6,,,7/30/17,7/30/17
7/29/17,44.23,,,7/29/17,7/29/17
7/29/17,3.29,,,7/29/17,7/29/17
7/28/17,52.27,Website Registrations Completed,1,7/28/17,7/28/17
7/28/17,4.62,,,7/28/17,7/28/17
7/27/17,71.29534661,Website Registrations Completed,3,7/27/17,7/27/17
7/27/17,6.97465339,,,7/27/17,7/27/17
7/26/17,82.10095406,Website Registrations Completed,2,7/26/17,7/26/17
7/26/17,8.65904594,,,7/26/17,7/26/17
7/25/17,68.08,Website Registrations Completed,1,7/25/17,7/25/17
7/25/17,4.32,Website Registrations Completed,1,7/25/17,7/25/17
7/24/17,77.36,Website Registrations Completed,2,7/24/17,7/24/17
7/23/17,32.95,Website Registrations Completed,3,7/23/17,7/23/17
7/22/17,1.22,,,7/22/17,7/22/17
7/21/17,1.45,,,7/21/17,7/21/17
7/20/17,0.73,,,7/20/17,7/20/17
7/19/17,2.35,,,7/19/17,7/19/17
7/18/17,17.33,,,7/18/17,7/18/17
7/18/17,0.14,,,7/18/17,7/18/17
7/17/17,0.657238494,,,7/17/17,7/17/17
7/17/17,1.722761506,,,7/17/17,7/17/17
7/16/17,0.2,,,7/16/17,7/16/17
7/16/17,0.7,,,7/16/17,7/16/17
7/15/17,0.54,,,7/15/17,7/15/17
7/15/17,0.3,,,7/15/17,7/15/17
7/14/17,1.22,,,7/14/17,7/14/17
7/14/17,0.5,,,7/14/17,7/14/17
7/13/17,0.9,,,7/13/17,7/13/17
7/13/17,0.46,,,7/13/17,7/13/17
7/12/17,1.24,,,7/12/17,7/12/17
7/12/17,0.59,,,7/12/17,7/12/17
7/11/17,3.51,,,7/11/17,7/11/17
7/11/17,1.99,,,7/11/17,7/11/17
7/10/17,4.49,,,7/10/17,7/10/17
7/10/17,2.59,,,7/10/17,7/10/17
7/9/17,2.26,Website Registrations Completed,1,7/9/17,7/9/17
7/9/17,3,,,7/9/17,7/9/17
7/8/17,1.48,,,7/8/17,7/8/17
7/8/17,0.91,,,7/8/17,7/8/17
7/7/17,1.34,,,7/7/17,7/7/17
7/7/17,0.59,,,7/7/17,7/7/17
7/6/17,2.474865424,,,7/6/17,7/6/17
7/6/17,2.345134576,,,7/6/17,7/6/17
7/5/17,7.52,,,7/5/17,7/5/17
7/5/17,5.48,,,7/5/17,7/5/17
7/4/17,11.97,,,7/4/17,7/4/17
7/4/17,7.33,Website Registrations Completed,2,7/4/17,7/4/17
7/3/17,4.82,Website Registrations Completed,1,7/3/17,7/3/17
7/2/17,7.991091314,,,7/2/17,7/2/17
7/2/17,0.978908686,,,7/2/17,7/2/17
7/1/17,1.29,,,7/1/17,7/1/17
6/30/17,0.519237537,,,6/30/17,6/30/17
6/30/17,6.290762463,,,6/30/17,6/30/17
6/29/17,1.338700711,,,6/29/17,6/29/17
6/29/17,29.57129929,,,6/29/17,6/29/17
6/28/17,1.37,,,6/28/17,6/28/17
6/28/17,29.88,Website Registrations Completed,1,6/28/17,6/28/17
6/27/17,3.59,,,6/27/17,6/27/17
6/26/17,4.69,,,6/26/17,6/26/17
6/25/17,7.68,,,6/25/17,6/25/17
6/24/17,1.41,,,6/24/17,6/24/17
6/23/17,2.85,,,6/23/17,6/23/17
6/22/17,8.14,,,6/22/17,6/22/17
6/21/17,17.52,,,6/21/17,6/21/17
6/18/17,4.71,,,6/18/17,6/18/17
6/16/17,7.87,,,6/16/17,6/16/17
6/15/17,12.33,,,6/15/17,6/15/17
6/14/17,13.72,,,6/14/17,6/14/17
6/13/17,3.97,,,6/13/17,6/13/17
6/12/17,2.59,,,6/12/17,6/12/17
6/11/17,2.1,,,6/11/17,6/11/17
6/10/17,2.67,,,6/10/17,6/10/17
6/9/17,2.14,,,6/9/17,6/9/17
6/8/17,0.86,,,6/8/17,6/8/17
6/7/17,8.14,,,6/7/17,6/7/17
6/6/17,11.09,,,6/6/17,6/6/17
6/5/17,16.58,Website Registrations Completed,1,6/5/17,6/5/17
6/4/17,2.14,,,6/4/17,6/4/17
6/3/17,3.14,,,6/3/17,6/3/17
6/2/17,4.7,,,6/2/17,6/2/17
6/1/17,6.07,,,6/1/17,6/1/17
5/31/17,3.09,,,5/31/17,5/31/17
5/30/17,3.81,,,5/30/17,5/30/17
5/29/17,4,,,5/29/17,5/29/17
5/28/17,3.9,,,5/28/17,5/28/17
5/27/17,1.84,,,5/27/17,5/27/17
5/26/17,7.01,,,5/26/17,5/26/17
5/25/17,11.32,,,5/25/17,5/25/17
5/24/17,16.22,Website Registrations Completed,1,5/24/17,5/24/17
5/23/17,17.9,Website Registrations Completed,1,5/23/17,5/23/17
5/22/17,18.53,,,5/22/17,5/22/17
5/21/17,0.519740907,,,5/21/17,5/21/17
5/21/17,19.54025909,,,5/21/17,5/21/17
5/20/17,1.60759821,,,5/20/17,5/20/17
5/20/17,18.47240179,Website Registrations Completed,2,5/20/17,5/20/17
5/19/17,7.57,,,5/19/17,5/19/17
5/19/17,0.79,,,5/19/17,5/19/17
5/18/17,12.27676056,,,5/18/17,5/18/17
5/18/17,1.133239437,,,5/18/17,5/18/17
5/17/17,0.97,,,5/17/17,5/17/17
5/17/17,9.67,,,5/17/17,5/17/17
5/17/17,0.01,,,5/17/17,5/17/17
5/16/17,0.99,,,5/16/17,5/16/17
5/16/17,11.43,Website Registrations Completed,1,5/16/17,5/16/17
5/15/17,0.9,,,5/15/17,5/15/17
5/15/17,8.64,,,5/15/17,5/15/17
5/14/17,10.49,,,5/14/17,5/14/17
5/14/17,0.96,,,5/14/17,5/14/17
5/13/17,7.54,,,5/13/17,5/13/17
5/13/17,0.77,,,5/13/17,5/13/17
5/12/17,10.57,,,5/12/17,5/12/17
5/12/17,0.93,,,5/12/17,5/12/17
5/11/17,9.08,,,5/11/17,5/11/17
5/11/17,0.64,,,5/11/17,5/11/17
5/10/17,8.83,,,5/10/17,5/10/17
5/10/17,0.83,,,5/10/17,5/10/17
5/9/17,0.859102296,,,5/9/17,5/9/17
5/9/17,8.710897704,,,5/9/17,5/9/17
5/8/17,1.02,,,5/8/17,5/8/17
5/8/17,8.85,Website Registrations Completed,1,5/8/17,5/8/17
5/7/17,0.709296333,,,5/7/17,5/7/17
5/7/17,9.370703667,,,5/7/17,5/7/17
5/6/17,0.98,,,5/6/17,5/6/17
5/6/17,9.84,,,5/6/17,5/6/17
5/5/17,0.92,,,5/5/17,5/5/17
5/5/17,8.79,,,5/5/17,5/5/17
5/4/17,9.07,Website Registrations Completed,1,5/4/17,5/4/17
5/4/17,0.65,,,5/4/17,5/4/17
5/3/17,0.80840079,,,5/3/17,5/3/17
5/3/17,9.30159921,Website Registrations Completed,1,5/3/17,5/3/17
5/2/17,0.62,,,5/2/17,5/2/17
5/2/17,9.48,,,5/2/17,5/2/17
5/1/17,0.75,,,5/1/17,5/1/17
5/1/17,9.41,Website Registrations Completed,1,5/1/17,5/1/17
4/30/17,0.63,,,4/30/17,4/30/17
4/30/17,8.75,,,4/30/17,4/30/17
4/29/17,8.61,,,4/29/17,4/29/17
4/29/17,0.67,,,4/29/17,4/29/17
4/28/17,12.66,Website Registrations Completed,3,4/28/17,4/28/17
4/28/17,1.1,Website Registrations Completed,1,4/28/17,4/28/17
4/27/17,20.97,,,4/27/17,4/27/17
4/27/17,1.86,,,4/27/17,4/27/17
4/26/17,2.176929577,,,4/26/17,4/26/17
4/26/17,26.18307042,Website Registrations Completed,2,4/26/17,4/26/17
4/25/17,2.690220934,,,4/25/17,4/25/17
4/25/17,24.81977907,Website Registrations Completed,2,4/25/17,4/25/17
4/24/17,2.388116627,,,4/24/17,4/24/17
4/24/17,22.97188337,,,4/24/17,4/24/17
4/23/17,2.034121037,,,4/23/17,4/23/17
4/23/17,22.18587896,Website Registrations Completed,1,4/23/17,4/23/17
4/22/17,1.488967429,,,4/22/17,4/22/17
4/22/17,12.93103257,,,4/22/17,4/22/17
4/21/17,20.32274474,Website Registrations Completed,2,4/21/17,4/21/17
4/21/17,1.497255261,,,4/21/17,4/21/17
4/20/17,1.8281917,,,4/20/17,4/20/17
4/20/17,18.3918083,Website Registrations Completed,1,4/20/17,4/20/17
4/19/17,2.159090143,,,4/19/17,4/19/17
4/19/17,21.57090986,Website Registrations Completed,1,4/19/17,4/19/17
4/18/17,1.913975796,,,4/18/17,4/18/17
4/18/17,20.3260242,Website Registrations Completed,5,4/18/17,4/18/17
4/17/17,0.777531646,,,4/17/17,4/17/17
4/17/17,14.97246835,,,4/17/17,4/17/17
4/17/17,0,,,4/17/17,4/17/17
4/16/17,20.15,,,4/16/17,4/16/17
4/15/17,22.49,,,4/15/17,4/15/17
4/14/17,22,,,4/14/17,4/14/17
4/13/17,9.36,,,4/13/17,4/13/17
4/12/17,9.88,,,4/12/17,4/12/17
4/11/17,10.41,Website Registrations Completed,1,4/11/17,4/11/17
4/10/17,9.6,,,4/10/17,4/10/17
4/9/17,9.65,,,4/9/17,4/9/17
4/8/17,11.09,,,4/8/17,4/8/17
4/7/17,10.5,,,4/7/17,4/7/17
4/6/17,9.34,,,4/6/17,4/6/17
4/5/17,12.98,Website Registrations Completed,1,4/5/17,4/5/17
4/4/17,10.46,,,4/4/17,4/4/17
4/3/17,12.01,,,4/3/17,4/3/17
4/2/17,15.23,,,4/2/17,4/2/17
4/1/17,5.83,,,4/1/17,4/1/17
3/31/17,5.32,,,3/31/17,3/31/17
3/30/17,5.53,,,3/30/17,3/30/17
3/29/17,5.22,,,3/29/17,3/29/17
3/28/17,5.29,,,3/28/17,3/28/17
3/27/17,9.02,Website Registrations Completed,1,3/27/17,3/27/17
3/26/17,19.92,,,3/26/17,3/26/17
3/25/17,22.5,Website Registrations Completed,1,3/25/17,3/25/17
3/24/17,23.06,,,3/24/17,3/24/17
3/23/17,20.13,,,3/23/17,3/23/17
3/22/17,19.6,Website Registrations Completed,1,3/22/17,3/22/17
3/21/17,19.31,,,3/21/17,3/21/17
3/20/17,19.41,,,3/20/17,3/20/17
3/19/17,20.24,Website Registrations Completed,1,3/19/17,3/19/17
3/18/17,20.66,,,3/18/17,3/18/17
3/18/17,0,,,3/18/17,3/18/17
3/17/17,18.15,,,3/17/17,3/17/17
3/16/17,17,,,3/16/17,3/16/17
3/15/17,16.93,Website Registrations Completed,1,3/15/17,3/15/17
3/15/17,3.02,,,3/15/17,3/15/17
3/14/17,15.01,,,3/14/17,3/14/17
3/14/17,3.33,,,3/14/17,3/14/17
3/13/17,3.87,,,3/13/17,3/13/17
3/13/17,14.79,,,3/13/17,3/13/17
3/12/17,5.69,,,3/12/17,3/12/17
3/12/17,0,,,3/12/17,3/12/17
3/12/17,25.02,,,3/12/17,3/12/17
3/11/17,36.2,,,3/11/17,3/11/17
3/11/17,9.69,,,3/11/17,3/11/17
3/10/17,31.26,Website Registrations Completed,1,3/10/17,3/10/17
3/10/17,9.96,,,3/10/17,3/10/17
3/9/17,16.96,Website Registrations Completed,1,3/9/17,3/9/17
3/9/17,4.24,,,3/9/17,3/9/17
3/8/17,7.304949928,,,3/8/17,3/8/17
3/8/17,19.25505007,,,3/8/17,3/8/17
3/7/17,6.609931559,,,3/7/17,3/7/17
3/7/17,19.65006844,,,3/7/17,3/7/17
3/6/17,4.25,,,3/6/17,3/6/17
3/6/17,9.78,,,3/6/17,3/6/17
3/5/17,12.39,Website Registrations Completed,8,3/5/17,3/5/17
3/4/17,22.85,,,3/4/17,3/4/17
3/3/17,25.22,Website Registrations Completed,5,3/3/17,3/3/17
3/2/17,52.47,Website Registrations Completed,3,3/2/17,3/2/17
3/1/17,79.19,Website Registrations Completed,6,3/1/17,3/1/17
2/28/17,8.47,Website Registrations Completed,1,2/28/17,2/28/17